,t,mtd,C,P,Q,Qp
0,-8.959711657526872,125.2560574427439,0.0,41.76172852598011,83.49432891676378,0.0
1,-8.859711657526873,126.19678078486929,0.0,41.89925387428259,84.2975269105867,0.0
2,-8.759711657526873,127.13533997619788,0.0,42.03201808845116,85.10332188774672,0.0
3,-8.659711657526874,128.07160308893225,0.0,42.159983815791364,85.91161927314089,0.0
4,-8.559711657526874,129.00544508579463,0.0,42.28311805452406,86.72232703127058,0.0
5,-8.459711657526874,129.93674279359598,0.0,42.40139032707314,87.53535246652284,0.0
6,-8.359711657526875,130.8653743749694,0.0,42.514772404701006,88.35060197026839,0.0
7,-8.259711657526875,131.7912200694919,0.0,42.62323864552621,89.16798142396571,0.0
8,-8.159711657526875,132.71416215351613,0.0,42.72676597265844,89.98739618085769,0.0
9,-8.059711657526876,133.6340850088643,0.0,42.825333787559316,90.808751221305,0.0
10,-7.959711657526876,134.55087529759763,0.0,42.91892417168457,91.63195112591305,0.0
11,-7.859711657526876,135.46442195587113,0.0,43.00752185920524,92.45690009666589,0.0
12,-7.759711657526877,136.3746158897857,0.0,43.091113671815094,93.28350221797061,0.0
13,-7.659711657526877,137.2813503797306,0.0,43.16968915206003,94.1116612276706,0.0
14,-7.5597116575268775,138.18452110149417,0.0,43.2432403295062,94.94128077198798,0.0
15,-7.459711657526878,139.08402600826173,0.0,43.311761739183005,95.77226426907872,0.0
16,-7.359711657526878,139.97976552056778,0.0,43.375250352790665,96.60451516777711,0.0
17,-7.2597116575268785,140.8716423973415,0.0,43.43370562536714,97.43793677197436,0.0
18,-7.159711657526879,141.7595619000384,0.0,43.487129385213784,98.27243251482462,0.0
19,-7.059711657526879,142.64343170770474,0.0,43.53552590359077,99.10790580411397,0.0
20,-6.95971165752688,143.5231619706808,0.0,43.578901866061045,99.94426010461977,0.0
21,-6.85971165752688,144.39866532741644,0.0,43.617266272912524,100.78139905450391,0.0
22,-6.75971165752688,145.269856932886,0.0,43.65063038956399,101.619226543322,0.0
23,-6.659711657526881,146.13665454602526,0.0,43.679007796685845,102.45764674933942,0.0
24,-6.559711657526881,146.99897850617967,0.0,43.70241432311147,103.2965641830682,0.0
25,-6.459711657526881,147.85675148198948,0.0,43.7208680015621,104.13588348042737,0.0
26,-6.359711657526882,148.70989875936056,0.0,43.73438904870927,104.9755097106513,0.0
27,-6.259711657526882,149.55834822006898,0.0,43.74299983123293,105.81534838883606,0.0
28,-6.159711657526882,150.4020302495669,0.0,43.746724785188654,106.65530546437824,0.0
29,-6.059711657526883,151.2408777338526,0.0,43.74559037364832,107.4952873602043,0.0
30,-5.959711657526883,152.0748261417019,0.0,43.73962509478573,108.33520104691617,0.0
31,-5.8597116575268835,152.90381347784208,0.0,43.728859412541205,109.17495406530087,0.0
32,-5.759711657526884,153.7277801933986,0.0,43.71332565657231,110.01445453682628,0.0
33,-5.659711657526884,154.5466692743621,0.0,43.69305804002219,110.85361123433992,0.0
34,-5.559711657526885,155.36042621671365,0.0,43.6680926026225,111.69233361409115,0.0
35,-5.459711657526885,156.1689989737721,0.0,43.63846713797442,112.53053183579766,0.0
36,-5.359711657526885,156.972337904815,0.0,43.604221122108214,113.36811678270678,0.0
37,-5.259711657526886,157.7703958553793,0.0,43.56539571980299,114.2050001355763,0.0
38,-5.159711657526886,158.563128086682,0.0,43.52203370358836,115.04109438309364,0.0
39,-5.059711657526886,159.35049218831216,0.0,43.474179369102,115.87631281921016,0.0
40,-4.959711657526887,160.13244815089544,0.0,43.42187852811458,116.71056962278085,0.0
41,-4.859711657526887,160.90895832060153,0.0,43.365178443803984,117.54377987679756,0.0
42,-4.759711657526887,161.6799873668858,0.0,43.3041277722517,118.3758595946341,0.0
43,-4.659711657526888,162.445502231262,0.0,43.2387765037685,119.20672572749349,0.0
44,-4.559711657526888,163.20547207971393,0.0,43.16917590296743,120.0362961767465,0.0
45,-4.4597116575268885,163.95986830112204,0.0,43.09537845031964,120.8644898508024,0.0
46,-4.359711657526889,164.70866444853334,0.0,43.01743777853275,121.69122667000057,0.0
47,-4.259711657526889,165.45183619800207,0.0,42.9354086118637,122.51642758613838,0.0
48,-4.1597116575268895,166.18936144508274,0.0,42.84934680351368,123.34001464156904,0.0
49,-4.05971165752689,166.92122016963305,0.0,42.75930920970848,124.16191095992457,0.0
50,-3.9597116575268902,167.64739435810992,0.0,42.66535360519082,124.9820407529191,0.0
51,-3.8597116575268906,168.36786799646057,0.0,42.56753864940097,125.80032934705959,0.0
52,-3.759711657526891,169.08262704098607,0.0,42.46592383867504,126.61670320231103,0.0
53,-3.6597116575268913,169.79165944356953,0.0,42.36056950113635,127.43108994243319,0.0
54,-3.5597116575268917,170.49495502884616,0.0,42.25153667837533,128.24341835047082,0.0
55,-3.459711657526892,171.19250547198703,0.0,42.13888708544354,129.0536183865435,0.0
56,-3.3597116575268924,171.88430426263022,0.0,42.02268306100002,129.86162120163021,0.0
57,-3.2597116575268927,172.57034667939507,0.0,41.902987529335476,130.66735915005958,0.0
58,-3.159711657526893,173.25062976017833,0.0,41.77986395943774,131.4707658007406,0.0
59,-3.0597116575268934,173.9251522282273,0.0,41.65337628363653,132.27177594459076,0.0
60,-2.959711657526894,174.59391446326083,0.0,41.52358885942399,133.07032560383684,0.0
61,-2.859711657526894,175.25691845944107,0.0,41.39056641989531,133.86635203954575,0.0
62,-2.7597116575268945,175.91416780734104,0.0,41.25437404582203,134.659793761519,0.0
63,-2.659711657526895,176.56566763615604,0.0,41.11507710436827,135.45059053178775,0.0
64,-2.5597116575268952,177.21142456399002,0.0,40.97274119571519,136.23868336827482,0.0
65,-2.4597116575268956,177.85144666182669,0.0,40.82743211243343,137.02401454939326,0.0
66,-2.359711657526896,178.4857434152779,0.0,40.679215797308544,137.80652761796938,0.0
67,-2.2597116575268963,179.11432570559415,0.0,40.52815831628135,138.5861673893128,0.0
68,-2.1597116575268966,179.73720574073346,0.0,40.37432579541113,139.36287994532233,0.0
69,-2.059711657526897,180.35439701996557,0.0,40.21778438349116,140.1366126364744,0.0
70,-1.9597116575268974,180.96591429464166,0.0,40.0586002127277,140.90731408191397,0.0
71,-1.8597116575268977,181.57177354140825,0.0,39.8968393679669,141.67493417344136,0.0
72,-1.759711657526898,182.1719919296293,0.0,39.73256785313086,142.43942407649845,0.0
73,-1.6597116575268984,182.7665877506945,0.0,39.56585153436776,143.20073621632673,0.0
74,-1.5597116575268988,183.3555803914112,0.0,39.39675611203607,143.95882427937514,0.0
75,-1.4597116575268991,183.9389902938961,0.0,39.225347085009545,144.71364320888657,0.0
76,-1.3597116575268995,184.51683891526352,0.0,39.051689715734994,145.46514919952853,0.0
77,-1.2597116575268998,185.08914871666056,0.0,38.87584901254227,146.2132997041183,0.0
78,-1.1597116575269002,185.65594314911388,0.0,38.697889711056426,146.95805343805745,0.0
79,-1.0597116575269006,186.21724654550587,0.0,38.51787620412482,147.69937034138107,0.0
80,-0.9597116575269009,186.77308411405622,0.0,38.33587252925037,148.43721158480585,0.0
81,-0.8597116575269013,187.32348190242686,0.0,38.15194234051815,149.17153956190873,0.0
82,-0.7597116575269016,187.86846676130793,0.0,37.966148881113064,149.90231788019486,0.0
83,-0.659711657526902,188.4080663260346,0.0,37.778554962034335,150.62951136400025,0.0
84,-0.5597116575269023,188.942309002055,0.0,37.58922294287837,151.35308605917663,0.0
85,-0.4597116575269027,189.47122388165792,0.0,37.3982146935585,152.0730091880994,0.0
86,-0.35971165752690304,189.9948407311327,0.0,37.20559157747574,152.78924915365698,0.0
87,-0.2597116575269034,190.51318995886018,0.0,37.01141443008567,153.50177552877452,0.0
88,-0.15971165752690375,191.0263025830229,0.0,36.815743538302485,154.2105590447204,0.0
89,-0.059711657526904105,191.53421021100314,0.0,36.61863862059954,154.9155715904036,0.0
90,0.1,191.8099328504135,0.9989693669237789,36.20659194162961,154.97023641686246,0.6331044919214306
91,0.2,192.0594284351676,0.9979397960521044,35.798421002106544,155.01747909369269,1.2435283393683585
92,0.30000000000000004,192.28365960830322,0.9969112862902245,35.39421599833738,155.05740526458422,1.8320383453816145
93,0.4,192.48355421535908,0.9958838365445244,34.994057646460845,155.09012167648362,2.3993748924145994
94,0.5,192.6600065944833,0.9948574457225162,34.59801770671906,155.11573600278393,2.9462528849802814
95,0.6000000000000001,192.81387880066316,0.9938321127328384,34.20615948261028,155.13435667596605,3.4733626420868497
96,0.7000000000000001,192.94600183013546,0.992807836485254,33.818538320200645,155.14609272022255,3.9813707897122654
97,0.8,193.05717671638223,0.9917846158906495,33.435202044243276,155.15105361383473,4.470921058304202
98,0.9,193.14817563574232,0.9907624498610339,33.05619139946718,155.14934914981055,4.942635086464608
99,1.0,193.2197430011359,0.989741337309538,32.681540484699546,155.14108929731438,5.397113219121953
100,1.1,193.27259646993852,0.988721277150412,32.311277145232204,155.12638408361292,5.83493524109341
101,1.2000000000000002,193.30742792037128,0.987702268299026,31.945423349944782,155.10534348315835,6.256661087268168
102,1.3,193.32490444598628,0.9866843096718669,31.58399557581802,155.07807729984523,6.662831570323014
103,1.4000000000000001,193.3256692281782,0.9856674001865394,31.227005133851073,155.04469507954713,7.05396901478003
104,1.5,193.31034244493128,0.9846515387617629,30.87445851188495,155.0053060101499,7.430577922896448
105,1.6,193.27952210572434,0.9836367243173716,30.526357680960537,154.96001884076495,7.793145583998864
106,1.7000000000000002,193.2337848861068,0.9826229557743129,30.182700401668015,154.90894179716224,8.14214268727655
107,1.8,193.17368690450252,0.9816102320546464,29.84348050176638,154.85218251170173,8.478023891034407
108,1.9000000000000001,193.09976449090541,0.9805985520815423,29.508688150618813,154.7898479522825,8.801228388004088
109,2.0,193.0125349125364,0.9795879147792812,29.178310111809775,154.72204436101677,9.11218043970987
110,2.1,192.9124970838721,0.9785783190732518,28.852329989122595,154.6488771944902,9.411289900259304
111,2.2,192.80013224128695,0.9775697638899505,28.530728454758915,154.57045107132427,9.69895271520378
112,2.3000000000000003,192.67590457843468,0.9765622481569805,28.21348345772564,154.48686972824194,9.97555139246712
113,2.4000000000000004,192.54026188945895,0.9755557708030494,27.900570438609694,154.39823597106073,10.241455479788526
114,2.5,192.3936361928026,0.97455033075797,27.591962535546344,154.3046516284506,10.497022028805645
115,2.6,192.2364442880955,0.9735459269526572,27.2876307548053,154.2062175217563,10.742596011533912
116,2.7,192.06908832363197,0.972542558319128,26.987544149666856,154.10303342960333,10.978510744361772
117,2.8000000000000003,191.89195631190287,0.9715402237905,26.691669973155417,153.99519806562256,11.205088273124892
118,2.9000000000000004,191.70542268069826,0.9705389223009907,26.399973850843647,153.8828090407551,11.422639789099533
119,3.0,191.50984876603522,0.9695386527859159,26.112419924616386,153.76596284132197,11.631466000096879
120,3.1,191.30558326275815,0.9685394141816883,25.828970975242,153.64475481716897,11.831857470347177
121,3.2,191.09296271243963,0.9675412054258173,25.54958856694434,153.51927915488835,12.024094990606919
122,3.3000000000000003,190.87231194601725,0.9665440254569071,25.274233169329346,153.3896288622862,12.20844991440172
123,3.4000000000000004,190.6439445001025,0.9655478732146557,25.0028642664244,153.2558957586243,12.385184475053785
124,3.5,190.40816303393026,0.9645527476398542,24.73544046858658,153.11817046112265,12.554552104221044
125,3.6,190.16525972739967,0.963558647674385,24.471919615885394,152.976542374718,12.716797736796275
126,3.7,189.91551665603689,0.9625655722612213,24.212258870931763,152.8310996864008,12.872158098704308
127,3.8000000000000003,189.65920615795295,0.9615735203444257,23.956414809243487,152.68192935925575,13.02086198945373
128,3.9000000000000004,189.39659118942177,0.9605824908691487,23.704343505351353,152.5291171273821,13.16313055668832
129,4.0,189.12792566133348,0.9595924827816286,23.456000610103967,152.37274749430082,13.299177556928704
130,4.1000000000000005,188.8534547643725,0.9586034950291891,23.211341423736783,152.21290373233674,13.42920960829894
131,4.2,188.5734152862642,0.9576155265602392,22.970320967472816,152.04966788178282,13.553426437008582
132,4.3,188.28803591237693,0.9566285763242717,22.732894047085225,151.88312075300476,13.67202111228692
133,4.4,187.9975375133334,0.9556426432718619,22.499015311333956,151.71334193015832,13.785180271841135
134,4.5,187.70213342949862,0.954657726354667,22.268639311160175,151.54040977358838,13.89308434475006
135,4.6000000000000005,187.40202973851,0.9536738245254242,22.04172055106926,151.3644014251954,13.995907762245341
136,4.7,187.09742550871687,0.9526909367379502,21.818213534381936,151.18539281587724,14.093819158457704
137,4.800000000000001,186.7885130581129,0.9517090619471404,21.598072814587326,151.00345866937758,14.186981574147998
138,4.9,186.47547819443827,0.9507281991089667,21.381253037518185,150.81867250970052,14.275552647219572
139,5.0,186.15850044863782,0.9497483471804771,21.167708981936737,150.6311066685702,14.359684798130887
140,5.1000000000000005,185.83775328854216,0.9487695051197949,20.957395590156697,150.44083229682622,14.439525401559255
141,5.2,185.51340431515663,0.9477916718861168,20.75026799016924,150.24791937910052,14.51521694588685
142,5.300000000000001,185.18561550459802,0.9468148464397123,20.546281549222755,150.052436733355,14.58689722202028
143,5.4,184.85454339672057,0.9458390277419226,20.34539189601785,149.85445202430896,14.654699476393763
144,5.5,184.5203392888834,0.9448642147551592,20.14755494855674,149.6540317736798,14.718752566646852
145,5.6000000000000005,184.18314940254146,0.9438904064429031,19.952726927023377,149.45124137630967,14.779181099208406
146,5.7,183.84311505761394,0.9429176017697035,19.76086437393353,149.24614511268936,14.83610557099103
147,5.800000000000001,183.5003728708097,0.9419457997011768,19.571924191820454,149.03880615350067,14.889642525488611
148,5.9,183.15505491033127,0.9409749992040055,19.385863655315685,148.82928657464763,14.93990468036796
149,6.0,182.80728885668177,0.940005199245937,19.202640429285132,148.61764736924096,14.987001058155668
150,6.1000000000000005,182.45719813330348,0.9390363987957825,19.022212570072014,148.40394846619736,15.031037097034108
151,6.2,182.10490206691446,0.9380685968234161,18.844538547415464,148.18824873980094,15.072114779698058
152,6.300000000000001,181.75051604091973,0.9371017922997739,18.669577263986007,147.97060601985234,15.11033275708138
153,6.4,181.3941516266628,0.9361359841968518,18.49728806291901,147.75107710642666,15.14578645731712
154,6.5,181.03591671551968,0.9351711714877059,18.327630737822123,147.52971778320045,15.17856819449711
155,6.6000000000000005,180.6759156240741,0.9342073531464504,18.1605655285165,147.30658283617163,15.20876725938599
156,6.7,180.31424923753053,0.9332445281482569,17.99605314108491,147.08172606221655,15.236470034229074
157,6.800000000000001,179.9510151289125,0.932282695469353,17.834054755184084,146.85520028244096,15.261760091287442
158,6.9,179.58630767032977,0.931321854087022,17.67453202823449,146.6270573564544,15.284718285640889
159,7.0,179.2202181407019,0.9303620029796004,17.517447099025325,146.39734819649053,15.305422845186044
160,7.1000000000000005,178.85283481508753,0.9294031411264785,17.362762581819677,146.1661227847891,15.323949448478743
161,7.2,178.48424308751027,0.9284452675080979,17.210441582032047,145.93343018257687,15.340371322901342
162,7.300000000000001,178.1145255653709,0.9274883811059511,17.060447696323678,145.6993185446059,15.354759324441355
163,7.4,177.7437621638501,0.9265324809025807,16.912745014107184,145.46383513287395,15.36718201686898
164,7.5,177.3720301927288,0.9255775658815774,16.76729811616447,145.22702633114798,15.377705745416327
165,7.6000000000000005,176.99940443401135,0.9246236350275797,16.62407206938912,144.98893766066695,15.386394703955286
166,7.7,176.62595724519855,0.9236706873262726,16.483032436922542,144.74961378978855,15.393311018487454
167,7.800000000000001,176.25175863558783,0.9227187217643863,16.34414527451529,144.50909854854802,15.398514812524523
168,7.9,175.87687634585635,0.9217677373296955,16.20737712983995,144.26743494184862,15.402064274167763
169,8.0,175.50137591734563,0.920817733011018,16.072695037371467,144.02466516399696,15.404015715977208
170,8.1,175.1253207630786,0.919868707798214,15.940066515227072,143.78083061228668,15.404423635564847
171,8.200000000000001,174.74877225021194,0.9189206606821844,15.809459569123614,143.53597189777528,15.403340783313054
172,8.3,174.37178976400097,0.9179735906548704,15.680842687447656,143.29012885902998,15.400818217523321
173,8.4,173.99443077445787,0.917027496709252,15.55418483872952,143.04334057477487,15.39690536095348
174,8.5,173.61675089030507,0.9160823778393472,15.429455463510726,142.79564537826522,15.391650048529119
175,8.6,173.23880392628544,0.9151382330402107,15.30662447391698,142.5470808687589,15.385098583609555
176,8.700000000000001,172.86064196805896,0.9141950613079329,15.185662252847054,142.2976839229054,15.377295792306484
177,8.8,172.48231542678715,0.9132528616396389,15.066539648715848,142.04749070747027,15.36828507060101
178,8.9,172.10387309554454,0.9123116330334875,14.949227971940559,141.79653669124485,15.358108432359137
179,9.0,171.72536219554598,0.9113713744886699,14.833698987244576,141.54485665820297,15.346806550098407
180,9.1,171.34682841819614,0.9104320850054087,14.719924904667868,141.2924847209064,15.334418792621882
181,9.200000000000001,170.9683159960628,0.9094937635849571,14.607878385281124,141.0394543286149,15.320983282166802
182,9.3,170.58986774298597,0.9085564092295976,14.49753253265947,140.78579828014406,15.30653693018242
183,9.4,170.21152510074165,0.9076200209426408,14.388860888202204,140.53154873520168,15.291115477337778
184,9.5,169.8333281828855,0.9066845977284248,14.281837425804891,140.2767372257317,15.274753531348933
185,9.600000000000001,169.45531580729136,0.9057501385923136,14.176436542045957,140.02139466844,15.257484596805392
186,9.700000000000001,169.07752555094498,0.9048166425406964,14.07263305696331,139.76555137392396,15.239341120057743
187,9.8,168.69999378836596,0.9038841085809866,13.970402208038388,139.50923705769026,15.220354522637303
188,9.9,168.32275572975115,0.9029525357216203,13.869719644610077,139.2524808508697,15.20055523427137
189,10.0,167.94584545913878,0.9020219229720557,13.770561422842942,138.99531131059572,15.17997272570012
190,10.100000000000001,167.56929596137047,0.901092269342772,13.672903996449785,138.7377564316358,15.158635533284889
191,10.200000000000001,167.19313916273688,0.9001635738452681,13.576724213699562,138.47984365576224,15.136571293275093
192,10.3,166.8174059695885,0.8992358354920617,13.481999314039022,138.2215998810941,15.11380677445536
193,10.4,166.44212629819626,0.8983090532966881,13.388706921471256,137.96305147236745,15.090367904357555
194,10.5,166.06732910687953,0.8973832262736995,13.296825039346537,137.70422427058276,15.066279796950223
195,10.600000000000001,165.69304242321041,0.8964583534386635,13.206332043737739,137.44514360289844,15.041566776574232
196,10.700000000000001,165.3192933694013,0.8955344338081628,13.117206676531184,137.18583429245555,15.016252400414547
197,10.8,164.94610820048928,0.8946114663997929,13.029428043584847,136.9263206666336,14.990359490270825
198,10.9,164.57351232834776,0.8936894502321625,12.942975608053773,136.66662656651948,14.963910153774497
199,11.0,164.20153034856753,0.8927683843248913,12.857829185124956,136.4067753558404,14.936925807602167
200,11.100000000000001,163.8301860657016,0.8918482676986093,12.77396893648815,136.14678992982303,14.90942719939042
201,11.200000000000001,163.4595025123443,0.8909290993749563,12.691375362814574,135.88669272442834,14.881434425101379
202,11.3,163.0895019804532,0.8900108783765804,12.610029301225547,135.62650572416632,14.852966955061344
203,11.4,162.72020604353193,0.8890936037271367,12.529911919621927,135.36625047058607,14.824043653323947
204,11.5,162.35163557873668,0.8881772744512867,12.451004711307323,135.1059480705595,14.794682796869855
205,11.600000000000001,161.9838107889439,0.887261889574697,12.37328948991939,134.84561920435766,14.764902094666864
206,11.700000000000001,161.61675121874796,0.8863474481240387,12.296748382822994,134.58528413401464,14.734718701910328
207,11.8,161.25047577793808,0.8854339491269856,12.221363826965145,134.32496271090878,14.704149240064135
208,11.9,160.8850027635967,0.884521391612214,12.14711856456794,134.0646743832677,14.673209815761094
209,12.0,160.5203498776271,0.883609774609401,12.073995637711057,133.80443820385275,14.641916036063304
210,12.100000000000001,160.15653424542842,0.882699097149224,12.00197838348872,133.5442728373747,14.61028302456497
211,12.200000000000001,159.79357243204103,0.8817893582633592,11.931050428640184,133.28419656788947,14.57832543551137
212,12.3,159.43148045746165,0.880880556984481,11.86119568415799,133.02422730608097,14.546057467222694
213,12.4,159.07027381802487,0.8799726923462603,11.792398341936714,132.7643825960428,14.51349288004535
214,12.5,158.70996750082588,0.8790657633833646,11.724642869551092,132.50467962230047,14.480645008974319
215,12.600000000000001,158.35057599949417,0.8781597691314559,11.657914005649774,132.2451352166062,14.44752677723819
216,12.700000000000001,157.99211332897255,0.87725470862719,11.592196755286187,131.98576586463486,14.41415070905152
217,12.8,157.6345930367045,0.8763505809082157,11.527476384526807,131.72658771270238,14.380528939475314
218,12.9,157.27802822119003,0.8754473850131739,11.463738417089742,131.46761657401257,14.346673230087724
219,13.0,156.92243154497274,0.8745451199816956,11.400968629755575,131.20886793502112,14.31259498019605
220,13.100000000000001,156.56781524767325,0.8736437848544023,11.33915304795898,130.95035696166522,14.278305238049052
221,13.200000000000001,156.2141911590543,0.8727433786729041,11.278277941553762,130.69209850546196,14.243814712038581
222,13.3,155.86157070881282,0.8718439004797984,11.2183298200129,130.43410710957107,14.209133779228834
223,13.4,155.50996493954625,0.87094534931867,11.159295428469246,130.17639701465706,14.174272496419947
224,13.5,155.159384520638,0.8700477242340887,11.101161744100894,129.91898216461138,14.139240611925738
225,13.600000000000001,154.80983975840866,0.8691510242716098,11.04391597184133,129.66187621225785,14.104047574309469
226,13.700000000000001,154.46134060718978,0.8682552484777716,10.987545540428755,129.4050925249225,14.06870254183852
227,13.8,154.11389667946236,0.8673603959000955,10.932038098397937,129.1486441899039,14.033214391160529
228,13.9,153.76751725418788,0.8664664655870842,10.877381509838186,128.8925440198493,13.997591724500394
229,14.0,153.4222112897388,0.8655734565882213,10.823563851190498,128.63680455801435,13.96184288053397
230,14.100000000000001,153.07798743274287,0.86468136795397,10.770573407351506,128.3814380834403,13.925975941951107
231,14.200000000000001,152.73485402738908,0.8637901987357721,10.718398667987039,128.12645661603412,13.889998743367915
232,14.3,152.3928191245681,0.862899947986047,10.667028323930351,127.87187192155456,13.853918879083176
233,14.4,152.05189048859313,0.8620106147581906,10.616451263302825,127.61769551649394,13.817743708796359
234,14.5,151.7120756071618,0.8611221981065746,10.566656568244271,127.363938672891,13.781480366026514
235,14.600000000000001,151.37338170034027,0.8602346970865453,10.51763351158809,127.11061242305117,13.745135765701002
236,14.700000000000001,151.0358157279964,0.8593481107544224,10.46937155338911,126.85772756417283,13.70871661043447
237,14.8,150.69938439763217,0.8584624381674982,10.421860337608422,126.60529466289252,13.672229397131215
238,14.9,150.3640941713242,0.857577678384037,10.375089688768256,126.35332405972538,13.635680422830571
239,15.0,150.02995127195751,0.856693830463273,10.329049608599309,126.10182587340822,13.59907578994997
240,15.100000000000001,149.69696169233103,0.8558108934654104,10.283730273148432,125.85081000525882,13.562421413923767
241,15.200000000000001,149.3651312012863,0.8549288664516221,10.239122029577516,125.60028614336899,13.525723028339794
242,15.3,149.03446535036142,0.8540477484840483,10.195215393111365,125.35026376674254,13.488986190507507
243,15.4,148.70496948021702,0.853167538625796,10.152001044036489,125.10075214935446,13.452216286826062
244,15.5,148.37664872556007,0.8522882359409375,10.109469824614045,124.85176036407023,13.415418536875789
245,15.600000000000001,148.04950802246984,0.8514098394945101,10.067612736316821,124.60329728661824,13.378597999534776
246,15.700000000000001,147.723552114358,0.8505323483525143,10.026420936991808,124.35537159943158,13.34175957793463
247,15.8,147.39878555744733,0.8496557615819137,9.985885738040091,124.10799179540325,13.304908024003998
248,15.9,147.0752127263653,0.848780078250633,9.945998601675436,123.86116618158576,13.268047943104095
249,16.0,146.75283781889,0.8479052974275577,9.906751138182935,123.61490288278094,13.231183797926107
250,16.1,146.43166486078155,0.8470314181825331,9.868135103243,123.36920984507692,13.194319912461614
251,16.2,146.1116977121013,0.8461584395863632,9.830142395419355,123.12409483941737,13.157460477264568
252,16.3,145.792940071584,0.8452863607108092,9.792765053565413,122.87956546499808,13.120609553020522
253,16.400000000000002,145.47539548142703,0.8444151806285894,9.755995254316115,122.6356291526339,13.083771074477015
254,16.5,145.15906733192838,0.8435448984133778,9.7198253096103,122.39229316807281,13.046948854245258
255,16.6,144.84395886468812,0.8426755131398027,9.684247664278539,122.14956461506293,13.010146585346652
256,16.7,144.53007317876535,0.8418070238834466,9.64925489362395,121.9074504387994,12.973367846341999
257,16.8,144.21741323404783,0.8409394297208445,9.6148397011632,121.66595742887358,12.936616104011046
258,16.900000000000002,143.90598185555385,0.840072729729483,9.580994916299034,121.42509222238895,12.89989471686586
259,17.0,143.59578173743688,0.8392069229877998,9.54771349207432,121.18486130696485,12.863206938397735
260,17.1,143.286815446016,0.8383420085751822,9.514988502947721,120.94527102360053,12.826555919467754
261,17.2,142.97908542387705,0.8374779855719663,9.482813142633201,120.70632756960205,12.789944711641802
262,17.3,142.6725939943968,0.8366148530594361,9.451180721990015,120.46803700150754,12.753376270899262
263,17.400000000000002,142.36734336486373,0.8357526101198225,9.420084666925447,120.23040523783064,12.71685346010765
264,17.5,142.06333562999723,0.8348912558363022,9.389518516347517,119.99343806180013,12.680379051849574
265,17.6,141.76057277537768,0.8340307892929968,9.359475920157568,119.75714112404742,12.6439557311727
266,17.7,141.4590566800327,0.8331712095749719,9.329950637243185,119.52151994519141,12.6075860975981
267,17.8,141.1587891176833,0.8323125157682361,9.300936533445432,119.28657991828715,12.571272665950742
268,17.900000000000002,140.85977176328203,0.8314547069597398,9.272427579848092,119.05232631158414,12.535017871849796
269,18.0,140.56200619478804,0.8305977822373747,9.244417850861764,118.81876427091863,12.498824073007665
270,18.1,140.265493895869,0.8297417406899721,9.216901522401109,118.5858988221219,12.462693551346
271,18.2,139.97023625865506,0.828886581407303,9.18987287010941,118.35373487338623,12.426628515159411
272,18.3,139.6762345864399,0.8280323034800761,9.163326267590792,118.12227721761238,12.390631101236735
273,18.400000000000002,139.38349009709717,0.8271789059999372,9.137256184106882,117.89153053532554,12.354703377664757
274,18.5,139.09200392473235,0.8263263880594685,9.11165718349115,117.66149939626618,12.318847344975014
275,18.6,138.80177712200353,0.8254747487521873,9.086523922560453,117.4321882615138,12.283064937929291
276,18.7,138.51281066264082,0.8246239871725451,9.061851149356471,117.20360148578443,12.247358027499903
277,18.8,138.22510544365863,0.823774102415927,9.037633701573997,116.97574331951617,12.21172842256848
278,18.900000000000002,137.93866228747387,0.82292509357865,9.013866505026531,116.74861791090454,12.176177871542807
279,19.0,137.65348194642718,0.8220769597579627,8.990544571526065,116.52222930875146,12.140708066149646
280,19.1,137.3695651055965,0.821229700052044,8.967662997202446,116.29658146470611,12.10532064368796
281,19.200000000000003,137.08691238029408,0.8203833135600024,8.945216962162098,116.07167823364989,12.07001718448211
282,19.3,136.80552432018425,0.8195377993818748,8.923201728509392,115.84752337635345,12.034799215321398
283,19.400000000000002,136.52540141116748,0.8186931566186255,8.9016126389386,115.62412056134363,11.999668210885261
284,19.5,136.24654407716798,0.8178493843721456,8.880445115363658,115.40147336671957,11.964625595084742
285,19.6,135.9689526825797,0.8170064817452518,8.859694657378103,115.17958528220305,11.929672742998548
286,19.700000000000003,135.69262753757374,0.8161644478416853,8.839356839939262,114.95845971225552,11.894810985378982
287,19.8,135.41756889456568,0.815323281766111,8.819427313496742,114.73809997583808,11.86004160523084
288,19.900000000000002,135.14377695116778,0.8144829826241169,8.799901802347751,114.51850930860846,11.825365840211587
289,20.0,134.87125185220611,0.8136435495222123,8.780776103261498,114.29969086474924,11.790784884195382
290,20.1,134.59999369124145,0.8128049815678279,8.762046084251494,114.08164771859397,11.756299888395995
291,20.200000000000003,134.33000251207983,0.811967277869314,8.743707683361844,113.86438286623452,11.721911962483457
292,20.3,134.0612783132997,0.8111304375359397,8.725756906602976,113.64789922827562,11.687622178421112
293,20.400000000000002,133.7938210474571,0.8102944596778926,8.70818982741789,113.43219965052575,11.653431569513458
294,20.5,133.52763062115773,0.8094593434062769,8.6910025859117,113.2172869050076,11.61934113023843
295,20.6,133.26270689755603,0.8086250878331133,8.6741913873991,113.00316369188825,11.585351818268672
296,20.700000000000003,132.9990496976607,0.8077916920713373,8.657752501303472,112.7898326409356,11.551464555421608
297,20.8,132.7366588015855,0.806959155234799,8.641682260082481,112.57729631293911,11.517680228563899
298,20.900000000000002,132.47553395091828,0.8061274764382617,8.625977057805866,112.36555720158795,11.483999691524454
299,21.0,132.2156748513868,0.8052966547974008,8.610633348647537,112.15461773546147,11.450423767277808
300,21.1,131.95708117052953,0.8044666894288034,8.595647646980757,111.94448027790796,11.416953245640821
301,21.200000000000003,131.6997525403008,0.8036375794499669,8.58101652590766,111.73514712898466,11.383588885408484
302,21.3,131.44368855826053,0.8028093239792986,8.566736616249537,111.52662052679018,11.3503314152208
303,21.400000000000002,131.1888887886514,0.8019819221361139,8.552804605581981,111.31890264873729,11.317181534332148
304,21.5,130.93535276368925,0.801155373040636,8.539217237195185,111.11199561292086,11.284139913573192
305,21.6,130.6830799868965,0.8003296758139951,8.525971308281136,110.90590148047934,11.251207198136026
306,21.700000000000003,130.43206993113972,0.7995048295782268,8.513063670146712,110.70062225534757,11.218384005645447
307,21.8,130.18232204001248,0.7986808334562719,8.500491227157147,110.49615988564219,11.185670927213161
308,21.900000000000002,129.9338357292026,0.797857686571975,8.488250935691843,110.29251626502996,11.153068528480787
309,22.0,129.6866103873954,0.7970353880500837,8.476339803283306,110.08969323385921,11.120577350252885
310,22.1,129.44064537713766,0.7962139370162474,8.464754887777303,109.88769258026231,11.08819790909805
311,22.200000000000003,129.19594003595617,0.7953933325970173,8.453493296402023,109.68651604137436,11.055930698179782
312,22.3,128.95249368045376,0.794573573919844,8.4425521837065,109.48616530600582,11.02377619074145
313,22.400000000000002,128.71030560318485,0.7937546601130779,8.431928752262362,109.28664201375682,10.99173483716567
314,22.5,128.46937507380548,0.7929365903059676,8.42162025173952,109.08794775622326,10.959807065842694
315,22.6,128.2297013405378,0.7921193636286593,8.411623977868102,108.89008407834804,10.927993284321648
316,22.700000000000003,127.99128363093214,0.7913029792121953,8.401937271674779,108.69305247941784,10.896293879839524
317,22.8,127.75412115259762,0.7904874361885138,8.392557518737343,108.496854414035,10.864709219825269
318,22.900000000000002,127.5182130940509,0.7896727336904478,8.383482148389534,108.30149129314944,10.833239652511942
319,23.0,127.2835586275009,0.7888588708517233,8.374708632052059,108.10696448617877,10.80188550927006
320,23.1,127.0501569071572,0.78804584680696,8.36623448359737,107.91327532058897,10.770647102970862
321,23.200000000000003,126.81800706995574,0.7872336606916689,8.358057258622413,107.72042508283543,10.739524728497901
322,23.3,126.58710823669313,0.7864223116422523,8.350174553539809,107.52841501952861,10.708518663624709
323,23.400000000000002,126.35745951265413,0.7856117987960024,8.342584004902859,107.33724633830568,10.677629169445595
324,23.5,126.12905998821311,0.7848021212911006,8.335283288746465,107.14692020868058,10.64685649078607
325,23.6,125.90190873951411,0.7839932782666164,8.32827011989452,106.95743776293462,10.616200856684976
326,23.700000000000003,125.67600483092373,0.7831852688625065,8.321542250438252,106.76880009805488,10.585662482430589
327,23.8,125.45134731359487,0.7823780922196146,8.315097470044641,106.58100827535407,10.55524156819617
328,23.900000000000002,125.22793522591375,0.7815717474796691,8.308933605383958,106.39406332120373,10.524938299326061
329,24.0,125.0057675945263,0.7807662337852834,8.303048519288582,106.207966228106,10.494752847131727
330,24.1,124.78484343485886,0.7799615502799546,8.29744011015304,106.0227179554582,10.464685369247599
331,24.200000000000003,124.56516175161663,0.7791576961080622,8.292106311347798,105.83831943029826,10.434736009970582
332,24.3,124.34672153932573,0.7783546704148678,8.287045090615287,105.65477154807017,10.404904900640283
333,24.400000000000002,124.12952178433004,0.7775524723465139,8.282254448760893,105.47207517426399,10.375192161305147
334,24.5,123.91356146375418,0.7767511010500229,8.277732419823593,105.29023114421412,10.345597899716463
335,24.6,123.69883954573677,0.7759505556732963,8.273477070631555,105.1092402636601,10.316122211445123
336,24.700000000000003,123.48535499031996,0.7751508353651141,8.26948650004163,104.92910330969859,10.286765180579742
337,24.8,123.27310674988085,0.7743519392751331,8.265758838404775,104.74982103145214,10.257526880023926
338,24.900000000000002,123.0620937695451,0.7735538665538869,8.262292247043437,104.57139415072119,10.228407371780483
339,25.0,122.85231498761493,0.7727566163527846,8.259084917720973,104.39382336264369,10.19940670725028
340,25.1,122.64376933699896,0.7719601878241095,8.256135071496196,104.21710933711148,10.170524928391275
341,25.200000000000003,122.43645574465212,0.7711645801210189,8.25344095880158,104.04125271867416,10.141762067176392
342,25.3,122.23037313169098,0.7703697923975427,8.251000859107473,103.86625412695182,10.11311814563169
343,25.400000000000002,122.02552041409598,0.7695758238085829,8.24881308022618,103.69211415748997,10.084593176379826
344,25.5,121.82189650306145,0.7687826735099125,8.246875957833689,103.51883338234387,10.056187162883884
345,25.6,121.61950030532991,0.7679903406581741,8.245187855001703,103.34641235064781,10.027900099680396
346,25.700000000000003,121.41833072353127,0.7671988244108803,8.243747161728441,103.17485158918382,9.999731972619022
347,25.8,121.21838665743454,0.7664081239264112,8.242552293948354,103.00415160359141,9.971682759894781
348,25.900000000000002,121.01966700349016,0.7656182383640148,8.241601693522204,102.83431287836498,9.943752431602974
349,26.0,120.82217065479304,0.7648291668838053,8.240893827987847,102.66533587714453,9.91594094966067
350,26.1,120.62589650172129,0.764040908646763,8.240427189925514,102.49722104348,9.888248268315772
351,26.200000000000003,120.4308434322192,0.7632534628147322,8.240200296528188,102.32996880134023,9.860674334350794
352,26.3,120.23701033206777,0.7624668285504217,8.240211689180898,102.1635795556089,9.833219087277973
353,26.400000000000002,120.04439608515108,0.7616810050174029,8.240459933042784,101.9980536925746,9.80588245953369
354,26.5,119.85299957439815,0.7608959913801093,8.240943616188318,101.83339158095879,9.778664377251053
355,26.6,119.66281968153334,0.7601117868038355,8.241661349527805,101.66959357198691,9.75156476001862
356,26.700000000000003,119.47385528697792,0.7593283904547365,8.2426117666295,101.50665999957795,9.72458352077048
357,26.8,119.28610527037029,0.7585458014998269,8.243793523137805,101.34459118102623,9.69772056620625
358,26.900000000000002,119.09956851078974,0.7577640191069791,8.245205296385546,101.18338741744336,9.670975796960834
359,27.0,118.91424388696957,0.7569830424449239,8.246845785013916,101.02304899418857,9.644349107767079
360,27.1,118.73013027750261,0.7562028706832483,8.248713708597348,100.86357618129067,9.617840387614585
361,27.200000000000003,118.54722656155367,0.7554235029923954,8.250807806900584,100.70496923431615,9.591449520336942
362,27.3,118.36553161873685,0.7546449385436632,8.253126839741027,100.5472283944971,9.565176384498733
363,27.400000000000002,118.18504432896984,0.7538671765092039,8.25566958686731,100.39035388883697,9.539020853265558
364,27.5,118.00576357289711,0.7530902160620226,8.258434847425121,100.23434593071734,9.512982794754649
365,27.6,117.82768823206104,0.7523140563759771,8.261421439605494,100.07920472027988,9.487062072175656
366,27.700000000000003,117.65081718906325,0.7515386966257765,8.26462820029971,99.92493044479794,9.461258543965592
367,27.8,117.47514932904642,0.7507641359869804,8.268053983848413,99.77152328051824,9.435572064679763
368,27.900000000000002,117.30068353415106,0.7499903736359983,8.271697665597355,99.61898338657579,9.410002481977909
369,28.0,117.12741869428781,0.7492174087500882,8.275558134278262,99.46731091722914,9.384549642780414
370,28.1,116.95535369806043,0.7484452405073563,8.279634298012763,99.31650601202801,9.359213388019658
371,28.200000000000003,116.78448743605168,0.7476738680867556,8.283925081816083,99.16656879960469,9.333993554630915
372,28.3,116.61481880091175,0.7469032906680858,8.288429427301777,99.01749939796083,9.308889975649137
373,28.400000000000002,116.44634668744628,0.7461335074319914,8.293146292386457,98.86929791475411,9.283902480305713
374,28.5,116.279069992705,0.7453645175599617,8.298074650994371,98.72196444758522,9.25903089412542
375,28.6,116.11298761646435,0.7445963202343293,8.303213492426458,98.57549908467577,9.234275039362137
376,28.700000000000003,115.94809846112018,0.7438289146382697,8.308561821231557,98.4299019049611,9.209634734927521
377,28.8,115.78440143137708,0.7430622999558004,8.314118657250376,98.28517297798145,9.18510979614525
378,28.900000000000002,115.62189543460693,0.7422964753717796,8.319883035090413,98.14131236443667,9.160700035079842
379,29.0,115.46057938094204,0.7415314400719056,8.325854003826423,97.99832011647787,9.136405260637742
380,29.1,115.3004521833684,0.7407671932427162,8.332030626700893,97.85619627799912,9.112225278668397
381,29.200000000000003,115.141512757819,0.7400037340715873,8.338411980824512,97.71494088492915,9.088159892065333
382,29.3,114.98376002326691,0.7392410617467325,8.34499715687664,97.57455396552304,9.064208900867232
383,29.400000000000002,114.82719290178704,0.7384791754572021,8.351785258689661,97.43503554048571,9.040372102611673
384,29.5,114.67181031866087,0.7377180743928821,8.35877540299193,97.29638562332521,9.01664929234375
385,29.6,114.51761120250814,0.7369577577444933,8.365966719249014,97.15860422084819,8.993040262410924
386,29.700000000000003,114.36459448535567,0.7361982247035911,8.37335834927508,97.02169133332265,8.96954480275793
387,29.8,114.21275910273035,0.7354394744625633,8.380949446931771,96.8856469547673,8.946162701031279
388,29.900000000000002,114.06210399375189,0.7346815062146306,8.388739177827143,96.75047107324102,8.922893742683726
389,30.0,113.9126281012256,0.7339243191538448,8.396726719014545,96.61616367113228,8.899737711078766
390,30.1,113.76433037173521,0.7331679124750884,8.404911258691545,96.48272472544856,8.876694387595114
391,30.200000000000003,113.61720975349736,0.7324122853740741,8.413291997173326,96.35015420551758,8.853763550806448
392,30.3,113.47126519695144,0.7316574370473435,8.42186814630849,96.21845207385165,8.830944976791304
393,30.400000000000002,113.32649565806257,0.7309033666922663,8.430638927350316,96.0876182901486,8.808238440563654
394,30.5,113.18290009649724,0.730150073507039,8.439603571747178,95.95765280936465,8.785643715385415
395,30.6,113.04047747568144,0.7293975566906846,8.448761320861218,95.82855558196363,8.763160572856597
396,30.700000000000003,112.8992267628613,0.7286458154430515,8.45811142568558,95.70032655416925,8.740788783006483
397,30.8,112.75914692916379,0.7278948489648129,8.467653146561634,95.57296566821734,8.718528114384826
398,30.900000000000002,112.62023694965717,0.7271446564574655,8.477385752896215,95.44647286260793,8.696378334153032
399,31.0,112.48249580073453,0.7263952371233294,8.487308524405607,95.32084806928853,8.674339207040386
400,31.1,112.34592246035326,0.7256465901655473,8.497420750730655,95.19609121411145,8.652410495511164
401,31.200000000000003,112.21051591256945,0.7248987147880824,8.507721728602938,95.0722022222143,8.630591961752213
402,31.3,112.0762751450591,0.7241516101957187,8.518210763010059,94.94918101536135,8.608883366687689
403,31.400000000000002,111.94319914912661,0.7234052755940594,8.52888716694257,94.82702751213588,8.587284470048166
404,31.5,111.81128691972452,0.7226597101895266,8.539750261134655,94.70574162814546,8.565795030444402
405,31.6,111.68053745547272,0.72191491318936,8.550799373804818,94.58532327622683,8.544414805441072
406,31.700000000000003,111.55094975867817,0.7211708838016163,8.562033840396557,94.46577236665108,8.523143551630543
407,31.8,111.42252283311657,0.7204276212351692,8.573453004532137,94.34708880470646,8.501981023877972
408,31.900000000000002,111.29525568382539,0.7196851246997075,8.585056217875957,94.22927249063818,8.480926975311247
409,32.0,111.1691473214295,0.7189433934057345,8.596842837541054,94.11232332489924,8.459981158989217
410,32.1,111.0441967598261,0.7182024265645669,8.608812227095314,93.99624120561981,8.439143327110962
411,32.2,110.92040301614655,0.7174622233883342,8.62096375633332,93.88102602874497,8.41841323106826
412,32.300000000000004,110.79776511073932,0.7167227830899783,8.633296801036996,93.76667768819661,8.397790621505717
413,32.4,110.67628206715254,0.7159841048832515,8.645810742736236,93.65319607603543,8.377275248380878
414,32.5,110.55595291211671,0.7152461879827169,8.658504968469538,93.54058108262281,8.356866861024365
415,32.6,110.43677667355396,0.7145090316037472,8.6713788714859,93.42883259455995,8.336565207508109
416,32.7,110.31875238000124,0.7137726349625242,8.684431851272304,93.31795049421963,8.316370034509301
417,32.800000000000004,110.20187906492602,0.713036997276037,8.697663311247714,93.20793466478864,8.296281088889673
418,32.9,110.08615576445791,0.7123021177620819,8.71107265959741,93.09878498789413,8.276298116966368
419,33.0,109.97158151730271,0.711567995639261,8.724659309066274,92.9905013436884,8.25642086454805
420,33.1,109.85815536469053,0.7108346301269819,8.738422676736045,92.88308361097165,8.236649076982832
421,33.2,109.74587635032346,0.7101020204454566,8.752362183802553,92.77653166731471,8.216982499206196
422,33.300000000000004,109.6347435203236,0.7093701658157006,8.766477255352964,92.67084538918174,8.197420875788895
423,33.4,109.52475592118182,0.7086390654595328,8.780767321021985,92.5660246497944,8.177963950365431
424,33.5,109.41591259894572,0.7079087185995746,8.795231815103307,92.46206931839598,8.158611465446446
425,33.6,109.30821260417498,0.7071791244592477,8.809870174125026,92.35897926603158,8.139363164018373
426,33.7,109.20165498930797,0.7064502822627745,8.824681837761842,92.25675436275463,8.120218788791489
427,33.800000000000004,109.09623880852801,0.7057221912351767,8.83966624864824,92.15539447765727,8.101178082222507
428,33.9,108.99196311768667,0.7049948506022746,8.85482285216655,92.05489947896524,8.082240786554872
429,34.0,108.88882697422684,0.7042682595906865,8.870151096235016,91.95526923413279,8.063406643859041
430,34.1,108.78682943710628,0.7035424174278276,8.885650431095863,91.85650360993763,8.044675396072781
431,34.2,108.68596956672064,0.7028173233419092,8.901320309103358,91.75860247257583,8.02604678504146
432,34.300000000000004,108.58624642374417,0.702092976561938,8.917160184950399,91.66156568654357,8.007520552250202
433,34.4,108.48765906394223,0.7013693763177173,8.933169517526498,91.56539310900597,7.989096437409767
434,34.5,108.39020654723484,0.7006465218398426,8.949347766003884,91.47008460013295,7.970774181098003
435,34.6,108.29388793491594,0.6999244123597023,8.965694390720715,91.37564002016458,7.952553524030644
436,34.7,108.19870228872149,0.6992030471094772,8.982208853315548,91.28205922854775,7.934434206858195
437,34.800000000000004,108.10464867071553,0.6984824253221394,8.99889061653042,91.18934208398944,7.916415970195669
438,34.9,108.01172614317645,0.6977625462314512,9.015739144013942,91.09748844451019,7.898498554652324
439,35.0,107.9199337684831,0.6970434090719645,9.032753900124382,91.00649816749734,7.88068170086139
440,35.1,107.82927060900107,0.6963250130790203,9.049934349732753,90.9163711097585,7.86296514950982
441,35.2,107.73973572685532,0.6956073574887474,9.067279958068104,90.827107127447,7.845348641340227
442,35.300000000000004,107.65132817933272,0.694890441538063,9.084790192189088,90.73870607106122,7.827831916082412
443,35.4,107.56404702356134,0.6941742644646707,9.102464519003426,90.65116779090081,7.810414713657102
444,35.5,107.4778913175462,0.693458825507059,9.120302404643233,90.56449213841572,7.793096774487243
445,35.6,107.39286011822135,0.6927441239045014,9.138303314950598,90.47867896419223,7.775877839078515
446,35.7,107.30895248130587,0.6920301588970552,9.156466715291902,90.3937281179723,7.758757648041665
447,35.800000000000004,107.22616746115986,0.6913169297255611,9.174792070372147,90.30963944867287,7.74173594211485
448,35.9,107.14450411064044,0.6906044356316422,9.193278844049274,90.22641280440519,7.724812462185981
449,36.0,107.06396148095769,0.6898926758577026,9.211926499148483,90.14404803249415,7.7079869493150515
450,36.1,106.98453862153069,0.6891816496469277,9.230734497276547,90.06254497949764,7.691259144756495
451,36.2,106.90623457741435,0.6884713562432832,9.249702299477317,89.9819034884927,7.674628789444322
452,36.300000000000004,106.82904838846513,0.6877617948915145,9.268829366285052,89.90212339831827,7.658095623861815
453,36.4,106.75297909492603,0.687052964837145,9.288115155554909,89.82320455004032,7.641659389330808
454,36.5,106.67802573427045,0.6863448653264752,9.307559123320303,89.74514678358224,7.625319827367906
455,36.6,106.60418734097408,0.6856374956065827,9.327160723636345,89.66794993764951,7.609076679688231
456,36.7,106.53146294634202,0.6849308549253209,9.346919408404176,89.59161384971647,7.592929688221377
457,36.800000000000004,106.4598515783359,0.6842249425313182,9.36683462719527,89.51613835601326,7.576878595127365
458,36.9,106.38935226140097,0.6835197576739774,9.386905827075767,89.44152329151261,7.560923142812598
459,37.0,106.31996401629327,0.682815299603475,9.407132452430782,89.36776848991667,7.545063073945816
460,37.1,106.25168585909515,0.6821115675707599,9.427513945065222,89.29487378272638,7.529298131303537
461,37.2,106.184516797487,0.6814085608275547,9.448049745239416,89.22283899520863,7.513628057038962
462,37.300000000000004,106.11845583707841,0.6807062786263522,9.46873928927756,89.15166395373633,7.49805259406452
463,37.4,106.05350197923721,0.6800047202204157,9.489582010072713,89.08134848351648,7.4825714856480205
464,37.5,105.98965422034314,0.6793038848637774,9.510577337106525,89.0118924079285,7.467184475308111
465,37.6,105.92691155158873,0.6786037718112389,9.531724696282504,88.94329554848152,7.451891306824705
466,37.7,105.86527295878005,0.6779043803183694,9.55302350975929,88.87555772477135,7.436691724249417
467,37.800000000000004,105.80473742213763,0.6772057096415057,9.574473195783938,88.80867875443771,7.421585471915991
468,37.9,105.74530391609717,0.6765077590377505,9.596073168525182,88.74265845312125,7.406572294450741
469,38.0,105.68697140900993,0.6758105277649723,9.61782283794409,88.67749663430125,7.391651936764591
470,38.1,105.62973885947778,0.6751140150818054,9.639721610915226,88.6131931051325,7.376824143430051
471,38.2,105.57360521997002,0.6744182202476481,9.661768889641865,88.54974767093903,7.362088659389136
472,38.300000000000004,105.51856943735933,0.6737231425226615,9.683964071216128,88.48716013604506,7.347445230098148
473,38.400000000000006,105.4646304513632,0.6730287811677692,9.706306547957368,88.42543030211618,7.332893601289658
474,38.5,105.41178719432175,0.6723351354446565,9.728795707254044,88.36455796808897,7.318433518978716
475,38.6,105.36003859097525,0.6716422046157692,9.751430931405586,88.30454293010062,7.304064729469048
476,38.7,105.30938355824215,0.6709499879443136,9.774211597464266,88.24538498141861,7.289786979359275
477,38.800000000000004,105.25982100499648,0.6702584846942553,9.797137077077057,88.18708391237033,7.2756000155491085
478,38.900000000000006,105.21134983184577,0.669567694130318,9.820206736327513,88.12963951027268,7.26150358524556
